locdate,dateName
20210101,1월1일
20210211,설날
20210212,설날
20210213,설날
20210301,삼일절
20210505,어린이날
20210519,부처님오신날
20210606,현충일
20210815,광복절
20210816,대체공휴일
20210920,추석
20210921,추석
20210922,추석
20211003,개천절
20211004,대체공휴일
20211009,한글날
20211011,대체공휴일
20211225,기독탄신일
20220101,1월1일
20220131,설날
20220201,설날
20220202,설날
20220301,삼일절
20220309,대통령선거일
20220505,어린이날
20220508,부처님오신날
20220601,전국동시지방선거
20220606,현충일
20220815,광복절
20220909,추석
20220910,추석
20220911,추석
20220912,대체공휴일
20221003,개천절
20221009,한글날
20221010,대체공휴일
20221225,기독탄신일
