,start_latitude,start_longitude,end_latitude,end_longitude,start_suburb,end_suburb
0,33.2434317486804,126.422025484805,33.2448817599221,126.419089287441,중문관광로,월평동
1,33.2445118299829,126.42706892425,33.249504775292,126.430786666395,천제연로178번길,중문관광로
2,33.2446008832225,126.562080064702,33.2448713768605,126.564407292513,서귀동,서귀동
3,33.2446008832225,126.562080064702,33.2476070087314,126.56194314691,서귀동,서귀동
4,33.2448713768605,126.564407292513,33.2446008832225,126.562080064702,서귀동,서귀동
5,33.2448713768605,126.564407292513,33.2451502245644,126.565256479719,서귀동,서귀동
6,33.2448817599221,126.419089287441,33.2434317486804,126.422025484805,월평동,중문관광로
7,33.2448817599221,126.419089287441,33.2458601630744,126.417640987034,월평동,중문관광로
8,33.2451502245644,126.565256479719,33.2448713768605,126.564407292513,서귀동,서귀동
9,33.2451502245644,126.565256479719,33.2453748836718,126.565805394195,서귀동,서귀동
10,33.2453748836718,126.565805394195,33.2451502245644,126.565256479719,서귀동,서귀동
11,33.2453748836718,126.565805394195,33.2455654004832,126.56622823987,서귀동,서귀동
12,33.2455654004832,126.56622823987,33.2453748836718,126.565805394195,서귀동,서귀동
13,33.2455654004832,126.56622823987,33.2460808686345,126.56720431031,서귀동,서귀동
14,33.2458601630744,126.417640987034,33.2448817599221,126.419089287441,중문관광로,월평동
15,33.2458601630744,126.417640987034,33.2461504858452,126.417211228734,중문관광로,중문관광로
16,33.2460808686345,126.56720431031,33.2455654004832,126.56622823987,서귀동,서귀동
17,33.2460808686345,126.56720431031,33.2469121812391,126.568186082063,서귀동,서귀동
18,33.2461504858452,126.417211228734,33.2458601630744,126.417640987034,중문관광로,중문관광로
19,33.2461504858452,126.417211228734,33.2495274323645,126.41516769304,중문관광로,중문관광로
20,33.2469121812391,126.568186082063,33.2460808686345,126.56720431031,서귀동,서귀동
21,33.2469121812391,126.568186082063,33.2473878901589,126.568641655676,서귀동,서귀동
22,33.2469121812391,126.568186082063,33.2486330494679,126.567766213854,서귀동,서귀동
23,33.2469959405606,126.524357871654,33.2470525173768,126.523502732341,서호동,법환동
24,33.2469959405606,126.524357871654,33.2551060760495,126.540831571908,서호동,호근동
25,33.2470525173768,126.523502732341,33.2469959405606,126.524357871654,법환동,서호동
26,33.2473878901589,126.568641655676,33.2469121812391,126.568186082063,서귀동,서귀동
27,33.2473878901589,126.568641655676,33.2485052332214,126.569797099798,서귀동,서귀동
28,33.2476070087314,126.56194314691,33.2446008832225,126.562080064702,서귀동,서귀동
29,33.2476070087314,126.56194314691,33.248490656346,126.566092112905,서귀동,서귀동
30,33.2476070087314,126.56194314691,33.2527117372472,126.561123952865,서귀동,서귀동
31,33.248490656346,126.566092112905,33.2476070087314,126.56194314691,서귀동,서귀동
32,33.248490656346,126.566092112905,33.2486330494679,126.567766213854,서귀동,서귀동
33,33.2485052332214,126.569797099798,33.2473878901589,126.568641655676,서귀동,서귀동
34,33.2485052332214,126.569797099798,33.2486330494679,126.567766213854,서귀동,서귀동
35,33.2485052332214,126.569797099798,33.2495513278977,126.571265834882,서귀동,서귀동
36,33.2486330494679,126.567766213854,33.2469121812391,126.568186082063,서귀동,서귀동
37,33.2486330494679,126.567766213854,33.248490656346,126.566092112905,서귀동,서귀동
38,33.2486330494679,126.567766213854,33.2485052332214,126.569797099798,서귀동,서귀동
39,33.2486330494679,126.567766213854,33.2520185079135,126.567805216454,서귀동,서귀동
40,33.2486330494679,126.567766213854,33.2527117372472,126.561123952865,서귀동,서귀동
41,33.2487163730248,126.510996270448,33.2490290745359,126.509864069845,일주동로,일주동로
42,33.2490290745359,126.509864069845,33.2487163730248,126.510996270448,일주동로,일주동로
43,33.2490290745359,126.509864069845,33.2495827339009,126.507873746275,일주동로,일주동로
44,33.2490290745359,126.509864069845,33.2510453401405,126.51057382497,일주동로,서호동
45,33.249504775292,126.430786666395,33.2445118299829,126.42706892425,중문관광로,천제연로178번길
46,33.2495274323645,126.41516769304,33.2461504858452,126.417211228734,중문관광로,중문관광로
47,33.2495274323645,126.41516769304,33.2510025792305,126.412163318093,중문관광로,중문관광로
48,33.2495513278977,126.571265834882,33.2485052332214,126.569797099798,서귀동,서귀동
49,33.2495513278977,126.571265834882,33.2506707173365,126.572365894008,서귀동,태평로
50,33.2495827339009,126.507873746275,33.2490290745359,126.509864069845,일주동로,일주동로
51,33.2495827339009,126.507873746275,33.2499486996761,126.505663685199,일주동로,강정동
52,33.2499486996761,126.505663685199,33.2495827339009,126.507873746275,강정동,일주동로
53,33.2499486996761,126.505663685199,33.252183260053,126.506068768421,강정동,신서귀로97번길
54,33.2504408798414,126.479772516194,33.2505756694444,126.47897307994,강정동,도순동
55,33.2504408798414,126.479772516194,33.2506042519874,126.489259253852,강정동,강정동
56,33.2505756694444,126.47897307994,33.2504408798414,126.479772516194,도순동,강정동
57,33.2505756694444,126.47897307994,33.2511516704198,126.478039080718,도순동,도순동
58,33.2506042519874,126.489259253852,33.2504408798414,126.479772516194,강정동,강정동
59,33.2506042519874,126.489259253852,33.2506235369829,126.489733278303,강정동,강정동
60,33.2506112093179,126.303780415662,33.2506395221982,126.308214794518,화순리,덕수리
61,33.2506235369829,126.489733278303,33.2506042519874,126.489259253852,강정동,강정동
62,33.2506395221982,126.308214794518,33.2506112093179,126.303780415662,덕수리,화순리
63,33.2506707173365,126.572365894008,33.2495513278977,126.571265834882,태평로,서귀동
64,33.2506707173365,126.572365894008,33.2542158776929,126.576890076482,태평로,정방연로
65,33.2510025792305,126.412163318093,33.2495274323645,126.41516769304,중문관광로,중문관광로
66,33.2510025792305,126.412163318093,33.2518121079499,126.412606529971,중문관광로,중문관광로
67,33.2510453401405,126.51057382497,33.2490290745359,126.509864069845,서호동,일주동로
68,33.2510453401405,126.51057382497,33.2514261454919,126.509066205085,서호동,김정문화로41번길
69,33.2510453401405,126.51057382497,33.2519471764356,126.510893698586,서호동,서호동
70,33.2510915391162,126.435438952264,33.2510951783676,126.435137606044,대포동,대포동
71,33.2510915391162,126.435438952264,33.2523900231934,126.443906980257,대포동,대포동
72,33.2510951783676,126.435137606044,33.2510915391162,126.435438952264,대포동,대포동
73,33.2510951783676,126.435137606044,33.2511464647543,126.433807257506,대포동,대포동
74,33.2511464647543,126.433807257506,33.2510951783676,126.435137606044,대포동,대포동
75,33.2511516704198,126.478039080718,33.2505756694444,126.47897307994,도순동,도순동
76,33.2514261454919,126.509066205085,33.2510453401405,126.51057382497,김정문화로41번길,서호동
77,33.2514261454919,126.509066205085,33.2516143682265,126.508321028024,김정문화로41번길,김정문화로
78,33.2516143682265,126.508321028024,33.2514261454919,126.509066205085,김정문화로,김정문화로41번길
79,33.2516143682265,126.508321028024,33.2518069940214,126.507558417468,김정문화로,김정문화로27번길
80,33.2516143682265,126.508321028024,33.2525101833859,126.508644486518,김정문화로,신중남로
81,33.2517163057307,126.425612357997,33.2518840173453,126.423200498485,푸른중문주공아파트,푸른중문주공아파트
82,33.2518069940214,126.507558417468,33.2516143682265,126.508321028024,김정문화로27번길,김정문화로
83,33.2518069940214,126.507558417468,33.252183260053,126.506068768421,김정문화로27번길,신서귀로97번길
84,33.2518121079499,126.412606529971,33.2510025792305,126.412163318093,중문관광로,중문관광로
85,33.2518840173453,126.423200498485,33.2517163057307,126.425612357997,푸른중문주공아파트,푸른중문주공아파트
86,33.2518840173453,126.423200498485,33.2552152701736,126.414235672425,푸른중문주공아파트,천제연로
87,33.2519471764356,126.510893698586,33.2510453401405,126.51057382497,서호동,서호동
88,33.2519471764356,126.510893698586,33.2527978840856,126.511195435893,서호동,서호동
89,33.2520185079135,126.567805216454,33.2486330494679,126.567766213854,서귀동,서귀동
90,33.2520185079135,126.567805216454,33.2525975557703,126.567765334976,서귀동,서귀동
91,33.2520519604627,126.553525949167,33.2532003198641,126.561048672553,서홍로,서귀동
92,33.252183260053,126.506068768421,33.2499486996761,126.505663685199,신서귀로97번길,강정동
93,33.252183260053,126.506068768421,33.2518069940214,126.507558417468,신서귀로97번길,김정문화로27번길
94,33.252183260053,126.506068768421,33.2530738228232,126.506392739802,신서귀로97번길,신서귀로97번길
95,33.2523900231934,126.443906980257,33.2510915391162,126.435438952264,대포동,대포동
96,33.2523900231934,126.443906980257,33.2556629912224,126.434977511323,대포동,푸른중문주공아파트
97,33.2525101833859,126.508644486518,33.2516143682265,126.508321028024,신중남로,김정문화로
98,33.2525101833859,126.508644486518,33.2533483302766,126.508947121872,신중남로,신중남로
99,33.2525975557703,126.567765334976,33.2520185079135,126.567805216454,서귀동,서귀동
100,33.2525975557703,126.567765334976,33.2546282833481,126.567677915087,서귀동,동홍동
101,33.2527117372472,126.561123952865,33.2476070087314,126.56194314691,서귀동,서귀동
102,33.2527117372472,126.561123952865,33.2486330494679,126.567766213854,서귀동,서귀동
103,33.2527978840856,126.511195435893,33.2519471764356,126.510893698586,서호동,서호동
104,33.2527978840856,126.511195435893,33.2536475390636,126.511496801699,서호동,서호동
105,33.2530738228232,126.506392739802,33.252183260053,126.506068768421,신서귀로97번길,신서귀로97번길
106,33.2530738228232,126.506392739802,33.2539001177339,126.506693332718,신서귀로97번길,신서귀로97번길
107,33.2532003198641,126.561048672553,33.2520519604627,126.553525949167,서귀동,서홍로
108,33.2532003198641,126.561048672553,33.2541286672537,126.565480646032,서귀동,일주동로
109,33.2532003198641,126.561048672553,33.2562036745941,126.560554668493,서귀동,동홍동
110,33.2533483302766,126.508947121872,33.2525101833859,126.508644486518,신중남로,신중남로
111,33.2533483302766,126.508947121872,33.2542138463575,126.509259638269,신중남로,신중남로
112,33.2536475390636,126.511496801699,33.2527978840856,126.511195435893,서호동,서호동
113,33.2536475390636,126.511496801699,33.2545307850258,126.511810080608,서호동,서호동
114,33.2539001177339,126.506693332718,33.2530738228232,126.506392739802,신서귀로97번길,신서귀로97번길
115,33.2539001177339,126.506693332718,33.2547822390188,126.507014232557,신서귀로97번길,신서귀로97번길
116,33.2541286672537,126.565480646032,33.2532003198641,126.561048672553,일주동로,서귀동
117,33.2541286672537,126.565480646032,33.2542334992327,126.565957886793,일주동로,일주동로
118,33.2542138463575,126.509259638269,33.2533483302766,126.508947121872,신중남로,신중남로
119,33.2542138463575,126.509259638269,33.25509361856,126.509577304036,신중남로,서호동
120,33.2542158776929,126.576890076482,33.2506707173365,126.572365894008,정방연로,태평로
121,33.2542334992327,126.565957886793,33.2541286672537,126.565480646032,일주동로,일주동로
122,33.2542334992327,126.565957886793,33.2546282833481,126.567677915087,일주동로,동홍동
123,33.2542683348405,126.212819073539,33.2575215502361,126.210169654115,영락리,영락리
124,33.2545307850258,126.511810080608,33.2536475390636,126.511496801699,서호동,서호동
125,33.2545307850258,126.511810080608,33.2548960401801,126.510361104064,서호동,서호동
126,33.2545307850258,126.511810080608,33.2555811299821,126.511878555533,서호동,서호동
127,33.2546120543735,126.342103167267,33.2579829268442,126.352935391186,창천리,감산리
128,33.2546282833481,126.567677915087,33.2525975557703,126.567765334976,동홍동,서귀동
129,33.2546282833481,126.567677915087,33.2542334992327,126.565957886793,동홍동,일주동로
130,33.2546282833481,126.567677915087,33.2565170678434,126.568197755969,동홍동,동홍동
131,33.2547822390188,126.507014232557,33.2539001177339,126.506693332718,신서귀로97번길,신서귀로97번길
132,33.2547822390188,126.507014232557,33.2556592849375,126.507333288145,신서귀로97번길,신서귀로97번길
133,33.2548960401801,126.510361104064,33.2545307850258,126.511810080608,서호동,서호동
134,33.2548960401801,126.510361104064,33.25509361856,126.509577304036,서호동,서호동
135,33.25509361856,126.509577304036,33.2542138463575,126.509259638269,서호동,신중남로
136,33.25509361856,126.509577304036,33.2548960401801,126.510361104064,서호동,서호동
137,33.25509361856,126.509577304036,33.2552863681975,126.508812659461,서호동,서호동
138,33.2551060760495,126.540831571908,33.2469959405606,126.524357871654,호근동,서호동
139,33.2552152701736,126.414235672425,33.2518840173453,126.423200498485,천제연로,푸른중문주공아파트
140,33.2552152701736,126.414235672425,33.255431462832,126.413686617807,천제연로,색달동
141,33.2552152701736,126.414235672425,33.2581193973191,126.415839509268,천제연로,색달동
142,33.2552863681975,126.508812659461,33.25509361856,126.509577304036,서호동,서호동
143,33.2552863681975,126.508812659461,33.2556592849375,126.507333288145,서호동,신서귀로97번길
144,33.255431462832,126.413686617807,33.2552152701736,126.414235672425,색달동,천제연로
145,33.255431462832,126.413686617807,33.2580928726103,126.406006382519,색달동,색달동
146,33.2555811299821,126.511878555533,33.2545307850258,126.511810080608,서호동,서호동
147,33.2556592849375,126.507333288145,33.2547822390188,126.507014232557,신서귀로97번길,신서귀로97번길
148,33.2556592849375,126.507333288145,33.2552863681975,126.508812659461,신서귀로97번길,서호동
149,33.2556592849375,126.507333288145,33.2567848688456,126.508940263776,신서귀로97번길,신서귀로97번길
150,33.2556629912224,126.434977511323,33.2523900231934,126.443906980257,푸른중문주공아파트,대포동
151,33.2556629912224,126.434977511323,33.2579776047804,126.428442101691,푸른중문주공아파트,중문동
152,33.2556629912224,126.434977511323,33.2632387095572,126.44382635549,푸른중문주공아파트,회수동
153,33.2562036745941,126.560554668493,33.2532003198641,126.561048672553,동홍동,서귀동
154,33.2564487502197,126.511030130034,33.2571300620768,126.510363892139,서호동,신서귀로
155,33.2565170678434,126.568197755969,33.2546282833481,126.567677915087,동홍동,동홍동
156,33.2565170678434,126.568197755969,33.2574736802935,126.568493548373,동홍동,동홍동
157,33.2566709359707,126.52441046863,33.2541529264473,126.524330998601,서호동,서호동
158,33.2567848688456,126.508940263776,33.2556592849375,126.507333288145,신서귀로97번길,신서귀로97번길
159,33.2567848688456,126.508940263776,33.2571300620768,126.510363892139,신서귀로97번길,신서귀로
160,33.2571300620768,126.510363892139,33.2564487502197,126.511030130034,신서귀로,서호동
161,33.2571300620768,126.510363892139,33.2567848688456,126.508940263776,신서귀로,신서귀로97번길
162,33.2574006381515,126.52574476307,33.2574097173209,126.524412034435,호근동,호근동
163,33.2574097173209,126.524412034435,33.2566709359707,126.52441046863,호근동,서호동
164,33.2574097173209,126.524412034435,33.26127013848,126.524428741607,호근동,호근동
165,33.2574736802935,126.568493548373,33.2565170678434,126.568197755969,동홍동,동홍동
166,33.2574736802935,126.568493548373,33.2586530105086,126.568490413177,동홍동,동홍동
167,33.2575215502361,126.210169654115,33.2542683348405,126.212819073539,영락리,영락리
168,33.2579776047804,126.428442101691,33.2556629912224,126.434977511323,중문동,푸른중문주공아파트
169,33.2579776047804,126.428442101691,33.2585071159642,126.427003448638,중문동,중문동
170,33.2579829268442,126.352935391186,33.2546120543735,126.342103167267,감산리,창천리
171,33.2579829268442,126.352935391186,33.25989767941,126.356370199496,감산리,창천리
172,33.2580928726103,126.406006382519,33.255431462832,126.413686617807,색달동,색달동
173,33.2581193973191,126.415839509268,33.2552152701736,126.414235672425,색달동,천제연로
174,33.2581193973191,126.415839509268,33.2585071159642,126.427003448638,색달동,중문동
175,33.2585071159642,126.427003448638,33.2579776047804,126.428442101691,중문동,중문동
176,33.2585071159642,126.427003448638,33.2581193973191,126.415839509268,중문동,색달동
177,33.2586530105086,126.568490413177,33.2574736802935,126.568493548373,동홍동,동홍동
178,33.2586530105086,126.568490413177,33.2661453628462,126.56815588171,동홍동,동홍동
179,33.2588999347212,126.476921831537,33.2589595714352,126.476507600171,도순동,도순동
180,33.2589595714352,126.476507600171,33.2588999347212,126.476921831537,도순동,도순동
181,33.2589595714352,126.476507600171,33.2592056655577,126.474687397932,도순동,도순동
182,33.2590858157188,126.593399090199,33.259229140131,126.59387402982,마소물로,일주동로
183,33.2592056655577,126.474687397932,33.2589595714352,126.476507600171,도순동,도순동
184,33.2592056655577,126.474687397932,33.2592657454154,126.474010236922,도순동,하원동
185,33.259229140131,126.59387402982,33.2590858157188,126.593399090199,일주동로,마소물로
186,33.2592657454154,126.474010236922,33.2592056655577,126.474687397932,하원동,도순동
187,33.2592696638843,126.404662223542,33.2593905981319,126.404865449518,색달동,색달동
188,33.2593905981319,126.404865449518,33.2592696638843,126.404662223542,색달동,색달동
189,33.2593905981319,126.404865449518,33.2609700009698,126.410195850047,색달동,색달동
190,33.25989767941,126.356370199496,33.2579829268442,126.352935391186,창천리,감산리
191,33.259995243815,126.491305534197,33.2600558403,126.490986957642,월산2교,월산2교
192,33.2600558403,126.490986957642,33.259995243815,126.491305534197,월산2교,월산2교
193,33.2600558403,126.490986957642,33.2601778570168,126.490345482043,월산2교,월산1교
194,33.2601778570168,126.490345482043,33.2600558403,126.490986957642,월산1교,월산2교
195,33.2601778570168,126.490345482043,33.2602236870199,126.490104539314,월산1교,월산1교
196,33.2601878772997,126.510370333538,33.2603821820653,126.513153410197,강정동,서호동
197,33.2602236870199,126.490104539314,33.2601778570168,126.490345482043,월산1교,월산1교
198,33.2603821820653,126.513153410197,33.2601878772997,126.510370333538,서호동,강정동
199,33.2603821820653,126.513153410197,33.2605125736157,126.514850858979,서호동,서호동
200,33.2605125736157,126.514850858979,33.2603821820653,126.513153410197,서호동,서호동
201,33.2609700009698,126.410195850047,33.2593905981319,126.404865449518,색달동,색달동
202,33.2609700009698,126.410195850047,33.261756484889,126.412578548412,색달동,색달동
203,33.26127013848,126.524428741607,33.2574097173209,126.524412034435,호근동,호근동
204,33.2616551254378,126.452658411134,33.2616899003025,126.453101880221,하원동,하원동
205,33.2616899003025,126.453101880221,33.2616551254378,126.452658411134,하원동,하원동
206,33.261756484889,126.412578548412,33.2609700009698,126.410195850047,색달동,색달동
207,33.261756484889,126.412578548412,33.2620250008509,126.414359779966,색달동,색달동
208,33.2620250008509,126.414359779966,33.261756484889,126.412578548412,색달동,색달동
209,33.2620753169919,126.559024392488,33.2642169597459,126.558740510615,동홍동,서홍동
210,33.262662414017,126.542059748424,33.2626899811438,126.542299939873,호근동,제2서홍교
211,33.2626899811438,126.542299939873,33.262662414017,126.542059748424,제2서홍교,호근동
212,33.2632387095572,126.44382635549,33.2556629912224,126.434977511323,회수동,푸른중문주공아파트
213,33.2635926420061,126.623204402864,33.2636240241865,126.623943319546,하효동,하효동
214,33.2636240241865,126.623943319546,33.2635926420061,126.623204402864,하효동,하효동
215,33.2636849235549,126.550978469711,33.2641115831754,126.554043289722,서홍동,서홍동
216,33.2641115831754,126.554043289722,33.2636849235549,126.550978469711,서홍동,서홍동
217,33.2641115831754,126.554043289722,33.2641171966214,126.554313841535,서홍동,서홍동
218,33.2641171966214,126.554313841535,33.2641115831754,126.554043289722,서홍동,서홍동
219,33.2642169597459,126.558740510615,33.2620753169919,126.559024392488,서홍동,동홍동
220,33.2642169597459,126.558740510615,33.264586238943,126.561829905655,서홍동,동홍동
221,33.264586238943,126.561829905655,33.2642169597459,126.558740510615,동홍동,서홍동
222,33.264586238943,126.561829905655,33.2649369539687,126.563553838608,동홍동,동홍동
223,33.2649369539687,126.563553838608,33.264586238943,126.561829905655,동홍동,동홍동
224,33.2649369539687,126.563553838608,33.2653649550646,126.564923537092,동홍동,동홍동
225,33.2649815223317,126.371728511041,33.2650654505748,126.372064475643,창천리,창천리
226,33.2650654505748,126.372064475643,33.2649815223317,126.371728511041,창천리,창천리
227,33.2650654505748,126.372064475643,33.2651400802527,126.372580301454,창천리,창천리
228,33.2651400802527,126.372580301454,33.2650654505748,126.372064475643,창천리,창천리
229,33.2653649550646,126.564923537092,33.2649369539687,126.563553838608,동홍동,동홍동
230,33.2653649550646,126.564923537092,33.2654305680819,126.565133514135,동홍동,동홍동
231,33.2654305680819,126.565133514135,33.2653649550646,126.564923537092,동홍동,동홍동
232,33.2654305680819,126.565133514135,33.2661453628462,126.56815588171,동홍동,동홍동
233,33.265988198701,126.414267487304,33.2660400148769,126.414028512905,색달동,색달동
234,33.2660400148769,126.414028512905,33.265988198701,126.414267487304,색달동,색달동
235,33.2661453628462,126.56815588171,33.2586530105086,126.568490413177,동홍동,동홍동
236,33.2661453628462,126.56815588171,33.2654305680819,126.565133514135,동홍동,동홍동
237,33.2687488493739,126.39489840835,33.2687806948493,126.394605660737,중산간서로,중산간서로
238,33.2687806948493,126.394605660737,33.2687488493739,126.39489840835,중산간서로,중산간서로
239,33.2722218484604,126.595303395205,33.2722912806495,126.595501636538,상효2교,하례리
240,33.2722912806495,126.595501636538,33.2722218484604,126.595303395205,하례리,상효2교
241,33.2746046930701,126.234141819078,33.2750441834306,126.233439577445,무릉리,무릉리
242,33.2750441834306,126.233439577445,33.2746046930701,126.234141819078,무릉리,무릉리
243,33.2750441834306,126.233439577445,33.2753737946217,126.232714229452,무릉리,무릉리
244,33.2753737946217,126.232714229452,33.2750441834306,126.233439577445,무릉리,무릉리
245,33.2753737946217,126.232714229452,33.2821780883877,126.226140969467,무릉리,무릉리
246,33.2776610959435,126.66250635879,33.2781680404405,126.667650841978,위미리,위미리
247,33.2781680404405,126.667650841978,33.2776610959435,126.66250635879,위미리,위미리
248,33.2781680404405,126.667650841978,33.2798825926432,126.685954345036,위미리,남원리
249,33.2791450972975,126.368597660936,33.280072104575,126.362147497048,상창리,상창리
250,33.2798825926432,126.685954345036,33.2781680404405,126.667650841978,남원리,위미리
251,33.2798825926432,126.685954345036,33.2815634050191,126.703139725443,남원리,남원리
252,33.280072104575,126.362147497048,33.2791450972975,126.368597660936,상창리,상창리
253,33.280072104575,126.362147497048,33.2800843832163,126.362057805155,상창리,상창리
254,33.2800843832163,126.362057805155,33.280072104575,126.362147497048,상창리,상창리
255,33.2800843832163,126.362057805155,33.2801152650928,126.361832224125,상창리,상창리
256,33.2801152650928,126.361832224125,33.2800843832163,126.362057805155,상창리,상창리
257,33.2801152650928,126.361832224125,33.2809632410576,126.356788105407,상창리,상창리
258,33.2809632410576,126.356788105407,33.2801152650928,126.361832224125,상창리,상창리
259,33.2809632410576,126.356788105407,33.299657796531,126.346168833822,상창리,안덕면
260,33.2815634050191,126.703139725443,33.2798825926432,126.685954345036,남원리,남원리
261,33.2821780883877,126.226140969467,33.2753737946217,126.232714229452,무릉리,무릉리
262,33.28277135834,126.71671805997,33.2835929760451,126.72059078578,남원리,남원리
263,33.2835929760451,126.72059078578,33.28277135834,126.71671805997,남원리,남원리
264,33.2835929760451,126.72059078578,33.2841889873216,126.723306080511,남원리,남원리
265,33.2835929760451,126.72059078578,33.2856382802965,126.720975392001,남원리,남원리
266,33.2841889873216,126.723306080511,33.2835929760451,126.72059078578,남원리,남원리
267,33.2841889873216,126.723306080511,33.2844393269907,126.72444657018,남원리,남원리
268,33.2844393269907,126.72444657018,33.2841889873216,126.723306080511,남원리,남원리
269,33.2844393269907,126.72444657018,33.2845515647929,126.724957896651,남원리,태흥리
270,33.2845515647929,126.724957896651,33.2844393269907,126.72444657018,태흥리,남원리
271,33.2856382802965,126.720975392001,33.2835929760451,126.72059078578,남원리,남원리
272,33.2856382802965,126.720975392001,33.286083045153,126.720954934426,남원리,의귀리
273,33.2858228659624,126.301572261399,33.2859738355288,126.301788854528,서광리,서광리
274,33.2859738355288,126.301788854528,33.2858228659624,126.301572261399,서광리,서광리
275,33.286083045153,126.720954934426,33.2856382802965,126.720975392001,의귀리,남원리
276,33.286083045153,126.720954934426,33.3011139809425,126.719616165293,의귀리,의귀리
277,33.2873555929438,126.736525350221,33.2875816779813,126.737511915442,태흥리,태흥리
278,33.2875816779813,126.737511915442,33.2873555929438,126.736525350221,태흥리,태흥리
279,33.2879973405581,126.73932573127,33.2890033988558,126.744291235786,태흥리,태흥리
280,33.2883683638233,126.655399767109,33.3220181344517,126.645196159801,위미리,위미리
281,33.2890033988558,126.744291235786,33.2879973405581,126.73932573127,태흥리,태흥리
282,33.2898608129204,126.487408898862,33.2901160641003,126.489005717124,산록남로,제4산록교
283,33.2901160641003,126.489005717124,33.2898608129204,126.487408898862,제4산록교,산록남로
284,33.2901160641003,126.489005717124,33.2917307309558,126.504396273486,제4산록교,영남동
285,33.291358503068,126.514456562174,33.2914040809002,126.513613030567,제6산록교,영남동
286,33.291358503068,126.514456562174,33.2918924598082,126.556170668223,제6산록교,산록남로
287,33.2914040809002,126.513613030567,33.291358503068,126.514456562174,영남동,제6산록교
288,33.2914040809002,126.513613030567,33.2917471170944,126.505009654368,영남동,영남동
289,33.2917307309558,126.504396273486,33.2901160641003,126.489005717124,영남동,제4산록교
290,33.2917307309558,126.504396273486,33.2917471170944,126.505009654368,영남동,영남동
291,33.2917471170944,126.505009654368,33.2914040809002,126.513613030567,영남동,영남동
292,33.2917471170944,126.505009654368,33.2917307309558,126.504396273486,영남동,영남동
293,33.2918924598082,126.556170668223,33.291358503068,126.514456562174,산록남로,제6산록교
294,33.2956107099388,126.595225981145,33.3007960854078,126.600331823589,상효동,516로
295,33.2986244481363,126.333607029843,33.2989375777864,126.333934442885,평화로,동광리
296,33.2989375777864,126.333934442885,33.2986244481363,126.333607029843,동광리,평화로
297,33.2990957109828,126.333776830927,33.3017771487254,126.334880977051,제4동광교,동광리
298,33.299657796531,126.346168833822,33.2809632410576,126.356788105407,안덕면,상창리
299,33.3007960854078,126.600331823589,33.2956107099388,126.595225981145,516로,상효동
300,33.3007960854078,126.600331823589,33.3053587852904,126.598913748991,516로,516로
301,33.3011139809425,126.719616165293,33.286083045153,126.720954934426,의귀리,의귀리
302,33.3017771487254,126.334880977051,33.2990957109828,126.333776830927,동광리,제4동광교
303,33.3053587852904,126.598913748991,33.3007960854078,126.600331823589,516로,516로
304,33.3053587852904,126.598913748991,33.3058672207151,126.599081327413,516로,영주교
305,33.3058672207151,126.599081327413,33.3053587852904,126.598913748991,영주교,516로
306,33.3058672207151,126.599081327413,33.3082357708673,126.598689775097,영주교,516로
307,33.306979118628,126.805807391906,33.3070278662274,126.806303074568,일주동로,세화리
308,33.3070278662274,126.806303074568,33.306979118628,126.805807391906,세화리,일주동로
309,33.3082357708673,126.598689775097,33.3058672207151,126.599081327413,516로,영주교
310,33.3084648628453,126.716271392627,33.308714067282,126.715982852214,의귀리,의귀리
311,33.308714067282,126.715982852214,33.3084648628453,126.716271392627,의귀리,의귀리
312,33.3115378973186,126.345810011415,33.320920712645,126.350630360301,동광리,동광리
313,33.3123352005829,126.695861338159,33.3124488322458,126.696172610045,한남리,한남리
314,33.3124488322458,126.696172610045,33.3123352005829,126.695861338159,한남리,한남리
315,33.3124488322458,126.696172610045,33.3125090260766,126.70386319978,한남리,의귀리
316,33.3125090260766,126.70386319978,33.3124488322458,126.696172610045,의귀리,한남리
317,33.3151109569679,126.71433283182,33.3153083870423,126.714352808608,의귀리,의귀리
318,33.3153083870423,126.714352808608,33.3151109569679,126.71433283182,의귀리,의귀리
319,33.3169132415404,126.624634355945,33.3170653795339,126.623867244628,송목교,서성로
320,33.3170653795339,126.623867244628,33.3169132415404,126.624634355945,서성로,송목교
321,33.3170653795339,126.623867244628,33.3180748118772,126.618196796626,서성로,서성로
322,33.3174588352417,126.269868073231,33.3269084908927,126.253024699282,저지리,저지리
323,33.3180748118772,126.618196796626,33.3170653795339,126.623867244628,서성로,서성로
324,33.3180748118772,126.618196796626,33.318126212427,126.61789997756,서성로,신하교
325,33.318126212427,126.61789997756,33.3180748118772,126.618196796626,신하교,서성로
326,33.3187460944421,126.247148330437,33.3231972412071,126.24874876058,낙천리,낙천리
327,33.320920712645,126.350630360301,33.3115378973186,126.345810011415,동광리,동광리
328,33.320920712645,126.350630360301,33.3212695048757,126.350777859317,동광리,동광리
329,33.320920712645,126.350630360301,33.3228507506081,126.351446867507,동광리,동광리
330,33.3212695048757,126.350777859317,33.320920712645,126.350630360301,동광리,동광리
331,33.3212695048757,126.350777859317,33.3228507506081,126.351446867507,동광리,동광리
332,33.3215519207645,126.24487064639,33.3231972412071,126.24874876058,산양리,낙천리
333,33.3220181344517,126.645196159801,33.2883683638233,126.655399767109,위미리,위미리
334,33.3220181344517,126.645196159801,33.3250958586337,126.665698173918,위미리,서성로
335,33.3228507506081,126.351446867507,33.3212695048757,126.350777859317,동광리,동광리
336,33.3231972412071,126.24874876058,33.3187460944421,126.247148330437,낙천리,낙천리
337,33.3231972412071,126.24874876058,33.3215519207645,126.24487064639,낙천리,산양리
338,33.3236301198009,126.760714394103,33.323817078251,126.760979379043,신흥리,신흥리
339,33.323817078251,126.760979379043,33.3236301198009,126.760714394103,신흥리,신흥리
340,33.3250958586337,126.665698173918,33.3220181344517,126.645196159801,서성로,위미리
341,33.3250958586337,126.665698173918,33.3317422004502,126.676430650614,서성로,서중2교
342,33.3269084908927,126.253024699282,33.3174588352417,126.269868073231,저지리,저지리
343,33.3306727104676,126.354986792423,33.3308220849345,126.354178885417,광평리,광평리
344,33.3308220849345,126.354178885417,33.3306727104676,126.354986792423,광평리,광평리
345,33.3317422004502,126.676430650614,33.3250958586337,126.665698173918,서중2교,서성로
346,33.3317422004502,126.676430650614,33.3319812617056,126.677098121253,서중2교,수망리
347,33.3319812617056,126.677098121253,33.3317422004502,126.676430650614,수망리,서중2교
348,33.3367559317746,126.610141131028,33.3371583941088,126.610343112579,신례리,신례리
349,33.3368484929151,126.842085961552,33.3410595183512,126.84536106228,신천리,신천리
350,33.3371583941088,126.610343112579,33.3367559317746,126.610141131028,신례리,신례리
351,33.3371583941088,126.610343112579,33.3483047201916,126.614293468602,신례리,신례리
352,33.3372436401165,126.695809499868,33.3373978762042,126.69611703357,수망리,수망리
353,33.3373978762042,126.69611703357,33.3372436401165,126.695809499868,수망리,수망리
354,33.3373978762042,126.69611703357,33.3434280453514,126.703706428063,수망리,수망리
355,33.3410595183512,126.84536106228,33.3368484929151,126.842085961552,신천리,신천리
356,33.3430785788992,126.182616549771,33.3488281769465,126.186248165403,신창리,두모리
357,33.3434280453514,126.703706428063,33.3373978762042,126.69611703357,수망리,수망리
358,33.3446283972409,126.849278713014,33.3452396554215,126.850113181832,신천리,신천리
359,33.3452396554215,126.850113181832,33.3446283972409,126.849278713014,신천리,신천리
360,33.3468294461737,126.35799118119,33.3518061088766,126.35960820219,평화로,평화로
361,33.3483047201916,126.614293468602,33.3371583941088,126.610343112579,신례리,신례리
362,33.3483047201916,126.614293468602,33.3486912309989,126.614598570799,신례리,신례리
363,33.3486912309989,126.614598570799,33.3483047201916,126.614293468602,신례리,신례리
364,33.3486912309989,126.614598570799,33.3690809994107,126.625053332856,신례리,동수교
365,33.3488281769465,126.186248165403,33.3430785788992,126.182616549771,두모리,신창리
366,33.3488281769465,126.186248165403,33.3542775559552,126.186986980213,두모리,두모리
367,33.3493201973857,126.774116261159,33.3494944001729,126.77419960719,제1가시교,표선면
368,33.3494944001729,126.77419960719,33.3493201973857,126.774116261159,표선면,제1가시교
369,33.3502706793162,126.256059667601,33.3505037534043,126.256015998507,월림리,월림리
370,33.3505037534043,126.256015998507,33.3502706793162,126.256059667601,월림리,월림리
371,33.3505037534043,126.256015998507,33.3514255849429,126.255678604345,월림리,월림리
372,33.3514255849429,126.255678604345,33.3505037534043,126.256015998507,월림리,월림리
373,33.3514255849429,126.255678604345,33.3675062106573,126.258149855032,월림리,월림리
374,33.3518061088766,126.35960820219,33.3468294461737,126.35799118119,평화로,평화로
375,33.3518061088766,126.35960820219,33.3521050006984,126.359704952658,평화로,평화로
376,33.3521050006984,126.359704952658,33.3518061088766,126.35960820219,평화로,평화로
377,33.3542775559552,126.186986980213,33.3488281769465,126.186248165403,두모리,두모리
378,33.3542775559552,126.186986980213,33.3560981164777,126.187070448091,두모리,두모리
379,33.3560981164777,126.187070448091,33.3542775559552,126.186986980213,두모리,두모리
380,33.3568288903559,126.264074966853,33.3583578838584,126.271651731813,월림리,상명리
381,33.3583578838584,126.271651731813,33.3568288903559,126.264074966853,상명리,월림리
382,33.3583578838584,126.271651731813,33.3598385219255,126.267782917486,상명리,상명리
383,33.3598385219255,126.267782917486,33.3583578838584,126.271651731813,상명리,상명리
384,33.3613084756441,126.766621876688,33.3617166685293,126.766957856919,녹산로,중산간동로
385,33.3617166685293,126.766957856919,33.3613084756441,126.766621876688,중산간동로,녹산로
386,33.3617166685293,126.766957856919,33.3643362111469,126.769408879407,중산간동로,중산간동로
387,33.3643362111469,126.769408879407,33.3617166685293,126.766957856919,중산간동로,중산간동로
388,33.3643362111469,126.769408879407,33.3644710279554,126.769568210235,중산간동로,제2가시교
389,33.3644710279554,126.769568210235,33.3643362111469,126.769408879407,제2가시교,중산간동로
390,33.3644710279554,126.769568210235,33.3817302929314,126.792312233733,제2가시교,번영로
391,33.3675062106573,126.258149855032,33.3514255849429,126.255678604345,월림리,월림리
392,33.3690809994107,126.625053332856,33.3486912309989,126.614598570799,동수교,신례리
393,33.3690809994107,126.625053332856,33.3692807470292,126.625250130753,동수교,516로
394,33.3692807470292,126.625250130753,33.3690809994107,126.625053332856,516로,동수교
395,33.3702639693307,126.283715558013,33.3748569476226,126.279223948345,명월리,명월리
396,33.3720564003339,126.471800187543,33.3721404695887,126.47179165024,영실교,영실교
397,33.3721404695887,126.47179165024,33.3720564003339,126.471800187543,영실교,영실교
398,33.3721404695887,126.47179165024,33.3880889286135,126.48585016514,영실교,한라교
399,33.3744406582937,126.214841472693,33.3745146136494,126.215045296956,월령리,월령리
400,33.3745146136494,126.215045296956,33.3744406582937,126.214841472693,월령리,월령리
401,33.3745146136494,126.215045296956,33.3750433040544,126.216456105199,월령리,월령리
402,33.3748569476226,126.279223948345,33.3702639693307,126.283715558013,명월리,명월리
403,33.3750433040544,126.216456105199,33.3745146136494,126.215045296956,월령리,월령리
404,33.3787239600463,126.226134042143,33.3821613895346,126.236043219808,월령리,협재리
405,33.3817302929314,126.792312233733,33.3644710279554,126.769568210235,번영로,제2가시교
406,33.3817302929314,126.792312233733,33.3836004291836,126.793649386534,번영로,성읍서문로
407,33.3821613895346,126.236043219808,33.3787239600463,126.226134042143,협재리,월령리
408,33.3821613895346,126.236043219808,33.3875379604157,126.249126573228,협재리,협재리
409,33.3836004291836,126.793649386534,33.3817302929314,126.792312233733,성읍서문로,번영로
410,33.3836004291836,126.793649386534,33.3897548658939,126.79830079279,성읍서문로,중산간동로
411,33.3875379604157,126.249126573228,33.3821613895346,126.236043219808,협재리,협재리
412,33.3880889286135,126.48585016514,33.3721404695887,126.47179165024,한라교,영실교
413,33.3880889286135,126.48585016514,33.3881613476204,126.485989733783,한라교,한라교
414,33.3881613476204,126.485989733783,33.3880889286135,126.48585016514,한라교,한라교
415,33.3897548658939,126.79830079279,33.3836004291836,126.793649386534,중산간동로,성읍서문로
416,33.3901874292222,126.485480480005,33.3912104917744,126.483575386505,해안동,해안동
417,33.3912104917744,126.483575386505,33.3901874292222,126.485480480005,해안동,해안동
418,33.3920346928207,126.616634919623,33.3922804781201,126.616521247203,516로,성판교
419,33.3922804781201,126.616521247203,33.3920346928207,126.616634919623,성판교,516로
420,33.392365918808,126.263513407257,33.3931894296438,126.263195355151,명월리,동명리
421,33.3931894296438,126.263195355151,33.392365918808,126.263513407257,동명리,명월리
422,33.3931894296438,126.263195355151,33.3939720373427,126.263059814728,동명리,동명리
423,33.3939720373427,126.263059814728,33.3931894296438,126.263195355151,동명리,동명리
424,33.3939720373427,126.263059814728,33.3942280379071,126.263041501652,동명리,동명리
425,33.3942280379071,126.263041501652,33.3939720373427,126.263059814728,동명리,동명리
426,33.3942280379071,126.263041501652,33.3986618356017,126.263630073462,동명리,동명리
427,33.3943729704065,126.80097882227,33.3949346192914,126.801028695,성읍리,성읍교
428,33.3949346192914,126.801028695,33.3943729704065,126.80097882227,성읍교,성읍리
429,33.3949346192914,126.801028695,33.395311044852,126.801148098043,성읍교,수산리
430,33.395311044852,126.801148098043,33.3949346192914,126.801028695,수산리,성읍교
431,33.3963338661156,126.260544291868,33.3986618356017,126.263630073462,동명리,동명리
432,33.3984515222728,126.788154650986,33.4087089082702,126.772896686254,성읍리,성읍리
433,33.3986618356017,126.263630073462,33.3942280379071,126.263041501652,동명리,동명리
434,33.3986618356017,126.263630073462,33.3963338661156,126.260544291868,동명리,동명리
435,33.3986618356017,126.263630073462,33.4048485223969,126.269429417346,동명리,한림리
436,33.4011879129732,126.874795657301,33.4025455223039,126.864244167405,난산리,난산리
437,33.4025455223039,126.864244167405,33.4011879129732,126.874795657301,난산리,난산리
438,33.4025455223039,126.864244167405,33.4124213353622,126.832254199622,난산리,수산리
439,33.4048485223969,126.269429417346,33.3986618356017,126.263630073462,한림리,동명리
440,33.4053193515595,126.255541108991,33.4053627518928,126.260026941304,옹포리,옹포리
441,33.4053193515595,126.255541108991,33.4112548765453,126.257313117693,옹포리,옹포리
442,33.4053627518928,126.260026941304,33.4053193515595,126.255541108991,옹포리,옹포리
443,33.4053627518928,126.260026941304,33.4054317833372,126.260225831377,옹포리,옹포리
444,33.4054317833372,126.260225831377,33.4053627518928,126.260026941304,옹포리,옹포리
445,33.4054317833372,126.260225831377,33.4084313137117,126.263029936649,옹포리,한림리
446,33.4060370643012,126.619933238675,33.4061811269814,126.61985723897,516로,수장교
447,33.4061811269814,126.61985723897,33.4060370643012,126.619933238675,수장교,516로
448,33.4084313137117,126.263029936649,33.4054317833372,126.260225831377,한림리,옹포리
449,33.4084313137117,126.263029936649,33.4092873681044,126.264015357447,한림리,한림리
450,33.4084313137117,126.263029936649,33.4094155336088,126.259139099184,한림리,한림리
451,33.4087089082702,126.772896686254,33.3984515222728,126.788154650986,성읍리,성읍리
452,33.4087089082702,126.772896686254,33.4089128263088,126.77251809943,성읍리,성읍리
453,33.4089128263088,126.77251809943,33.4087089082702,126.772896686254,성읍리,성읍리
454,33.4089128263088,126.77251809943,33.4104233975029,126.769649856404,성읍리,성읍리
455,33.4092873681044,126.264015357447,33.4084313137117,126.263029936649,한림리,한림리
456,33.4094155336088,126.259139099184,33.4084313137117,126.263029936649,한림리,한림리
457,33.4094155336088,126.259139099184,33.4112548765453,126.257313117693,한림리,옹포리
458,33.4104233975029,126.769649856404,33.4089128263088,126.77251809943,성읍리,성읍리
459,33.4112548765453,126.257313117693,33.4053193515595,126.255541108991,옹포리,옹포리
460,33.4112548765453,126.257313117693,33.4094155336088,126.259139099184,옹포리,한림리
461,33.4112548765453,126.257313117693,33.4125732567196,126.258674169467,옹포리,옹포리
462,33.4120865328011,126.268407999409,33.4141750121486,126.269377560844,한림리,한림리
463,33.4124213353622,126.832254199622,33.4025455223039,126.864244167405,수산리,난산리
464,33.4124213353622,126.832254199622,33.4319637416378,126.862525855693,수산리,수산리
465,33.4125732567196,126.258674169467,33.4112548765453,126.257313117693,옹포리,옹포리
466,33.4125732567196,126.258674169467,33.4135600432656,126.259692895518,옹포리,옹포리
467,33.4129446319396,126.396510708206,33.4131578284173,126.396836691133,평화로,유수암리
468,33.4131578284173,126.396836691133,33.4129446319396,126.396510708206,유수암리,평화로
469,33.4131578284173,126.396836691133,33.4140106879684,126.398139535226,유수암리,유수암리
470,33.4135600432656,126.259692895518,33.4125732567196,126.258674169467,옹포리,옹포리
471,33.4135600432656,126.259692895518,33.4155294753793,126.261797126147,옹포리,옹포리
472,33.4140106879684,126.398139535226,33.4131578284173,126.396836691133,유수암리,유수암리
473,33.4141750121486,126.269377560844,33.4120865328011,126.268407999409,한림리,한림리
474,33.4141750121486,126.269377560844,33.418411972574,126.268029025365,한림리,한수리
475,33.4147331477548,126.481364949343,33.4153259917155,126.479581011194,1100로,산록서로
476,33.4147331477548,126.481364949343,33.4194233971314,126.491494792806,1100로,1100로
477,33.4153259917155,126.479581011194,33.4147331477548,126.481364949343,산록서로,1100로
478,33.4155294753793,126.261797126147,33.4135600432656,126.259692895518,옹포리,옹포리
479,33.4155294753793,126.261797126147,33.4158543002155,126.262738636331,옹포리,옹포리
480,33.4158543002155,126.262738636331,33.4155294753793,126.261797126147,옹포리,옹포리
481,33.4158543002155,126.262738636331,33.4174495715507,126.262952680503,옹포리,한수리
482,33.4174495715507,126.262952680503,33.4158543002155,126.262738636331,한수리,옹포리
483,33.4174495715507,126.262952680503,33.4178006887455,126.264683922665,한수리,한수리
484,33.4178006887455,126.264683922665,33.4174495715507,126.262952680503,한수리,한수리
485,33.4178006887455,126.264683922665,33.418411972574,126.268029025365,한수리,한수리
486,33.4179961298307,126.277207879887,33.4183386117339,126.27731391996,대림리,대림리
487,33.4183386117339,126.27731391996,33.4179961298307,126.277207879887,대림리,대림리
488,33.418411972574,126.268029025365,33.4141750121486,126.269377560844,한수리,한림리
489,33.418411972574,126.268029025365,33.4178006887455,126.264683922665,한수리,한수리
490,33.418411972574,126.268029025365,33.4206135728199,126.273076690119,한수리,대림리
491,33.4194233971314,126.491494792806,33.4147331477548,126.481364949343,1100로,1100로
492,33.4194233971314,126.491494792806,33.4226724285996,126.492934823993,1100로,노형동
493,33.4194794674455,126.405896726196,33.4211092497844,126.407258975842,유수암리,유수암리
494,33.4198281966989,126.759321908228,33.4204354708476,126.758748665587,번영로,97
495,33.4204354708476,126.758748665587,33.4198281966989,126.759321908228,97,번영로
496,33.4204354708476,126.758748665587,33.420695495589,126.758506579942,97,번영로
497,33.4206135728199,126.273076690119,33.418411972574,126.268029025365,대림리,한수리
498,33.4206135728199,126.273076690119,33.4209546113693,126.273750041819,대림리,대림리
499,33.420695495589,126.758506579942,33.4204354708476,126.758748665587,번영로,97
500,33.420695495589,126.758506579942,33.4288406442461,126.750881044473,번영로,번영로
501,33.4209546113693,126.273750041819,33.4206135728199,126.273076690119,대림리,대림리
502,33.4209546113693,126.273750041819,33.4221445845451,126.278124511889,대림리,대림리
503,33.4211092497844,126.407258975842,33.4194794674455,126.405896726196,유수암리,유수암리
504,33.4211092497844,126.407258975842,33.4244279085006,126.409395782267,유수암리,유수암리
505,33.4217932702362,126.676660673224,33.4243430624178,126.675832497175,수망리,수망리
506,33.4221445845451,126.278124511889,33.4209546113693,126.273750041819,대림리,대림리
507,33.4226724285996,126.492934823993,33.4194233971314,126.491494792806,연동,1100로
508,33.4239548116737,126.314598972409,33.424114441458,126.314799147584,봉성교,봉성교
509,33.424114441458,126.314799147584,33.4239548116737,126.314598972409,봉성교,봉성교
510,33.424114441458,126.314799147584,33.4345806476363,126.324311948481,봉성교,납읍리
511,33.4243430624178,126.675832497175,33.4217932702362,126.676660673224,수망리,수망리
512,33.4243430624178,126.675832497175,33.4307418267952,126.674332674448,수망리,교래리
513,33.4244279085006,126.409395782267,33.4211092497844,126.407258975842,유수암리,유수암리
514,33.427747274683,126.662612038652,33.4277487730194,126.66233499398,비자림로,비자림로
515,33.427747274683,126.662612038652,33.433558179785,126.672297792843,비자림로,교래리
516,33.4277487730194,126.66233499398,33.427747274683,126.662612038652,비자림로,비자림로
517,33.4288406442461,126.750881044473,33.420695495589,126.758506579942,번영로,번영로
518,33.4288406442461,126.750881044473,33.4359411786532,126.736248543312,번영로,대천동
519,33.429389217233,126.352388150391,33.4450543355931,126.336065448899,상가리,납읍리
520,33.429713699874,126.328707243469,33.4345806476363,126.324311948481,납읍리,납읍리
521,33.4307418267952,126.674332674448,33.4243430624178,126.675832497175,교래리,수망리
522,33.4307418267952,126.674332674448,33.4309930548769,126.674168320865,교래리,교래리
523,33.4309930548769,126.674168320865,33.4307418267952,126.674332674448,교래리,교래리
524,33.4309930548769,126.674168320865,33.433558179785,126.672297792843,교래리,교래리
525,33.4319637416378,126.862525855693,33.4124213353622,126.832254199622,수산리,수산리
526,33.433558179785,126.672297792843,33.427747274683,126.662612038652,교래리,비자림로
527,33.433558179785,126.672297792843,33.4309930548769,126.674168320865,교래리,교래리
528,33.4337941530909,126.420434645663,33.436550391855,126.423970570874,고성리,고성리
529,33.4345806476363,126.324311948481,33.424114441458,126.314799147584,납읍리,봉성교
530,33.4345806476363,126.324311948481,33.429713699874,126.328707243469,납읍리,납읍리
531,33.4345806476363,126.324311948481,33.4433099700224,126.311885994175,납읍리,곽지리
532,33.4348338348803,126.909657105936,33.4441208040702,126.912947762086,신양리,고성리
533,33.4349796791914,126.724939157344,33.4359411786532,126.736248543312,비자림로,대천동
534,33.4358606259309,126.680793391511,33.4359870126683,126.680438456392,교래리,교래리
535,33.4359411786532,126.736248543312,33.4288406442461,126.750881044473,대천동,번영로
536,33.4359411786532,126.736248543312,33.4349796791914,126.724939157344,대천동,비자림로
537,33.4359411786532,126.736248543312,33.4379464931581,126.73250865826,대천동,번영로
538,33.4359411786532,126.736248543312,33.4388665103582,126.744381950588,대천동,비자림로
539,33.4359870126683,126.680438456392,33.4358606259309,126.680793391511,교래리,교래리
540,33.436550391855,126.423970570874,33.4337941530909,126.420434645663,고성리,고성리
541,33.436550391855,126.423970570874,33.4366903487978,126.424158794647,고성리,고성리
542,33.4366903487978,126.424158794647,33.436550391855,126.423970570874,고성리,고성리
543,33.4366903487978,126.424158794647,33.4377436224569,126.42566268991,고성리,고성리
544,33.4372485454518,126.677153598442,33.4686641115594,126.678234657653,교래리,교래리
545,33.4377436224569,126.42566268991,33.4366903487978,126.424158794647,고성리,고성리
546,33.4377436224569,126.42566268991,33.4387947238882,126.427167730502,고성리,고성리
547,33.4379355044698,126.327937582923,33.4391796071832,126.329386254274,납읍리,납읍리
548,33.4379464931581,126.73250865826,33.4359411786532,126.736248543312,번영로,대천동
549,33.4379464931581,126.73250865826,33.4383285187565,126.732031757687,번영로,번영로
550,33.4383285187565,126.732031757687,33.4379464931581,126.73250865826,번영로,번영로
551,33.4383285187565,126.732031757687,33.4526884912095,126.709276573579,번영로,선교로
552,33.4387947238882,126.427167730502,33.4377436224569,126.42566268991,고성리,고성리
553,33.4387947238882,126.427167730502,33.43893866966,126.427353330218,고성리,고성리
554,33.4388665103582,126.744381950588,33.4359411786532,126.736248543312,비자림로,대천동
555,33.4388665103582,126.744381950588,33.4390260284277,126.744839409636,비자림로,송당리
556,33.43893866966,126.427353330218,33.4387947238882,126.427167730502,고성리,고성리
557,33.43893866966,126.427353330218,33.4395688920353,126.42808734911,고성리,고성리
558,33.4390260284277,126.744839409636,33.4388665103582,126.744381950588,송당리,비자림로
559,33.4391796071832,126.329386254274,33.4379355044698,126.327937582923,납읍리,납읍리
560,33.4395688920353,126.42808734911,33.43893866966,126.427353330218,고성리,고성리
561,33.4395688920353,126.42808734911,33.4410192088679,126.429511315336,고성리,고성리
562,33.4410192088679,126.429511315336,33.4395688920353,126.42808734911,고성리,고성리
563,33.4410192088679,126.429511315336,33.4433578077209,126.431586954408,고성리,고성리
564,33.4433099700224,126.311885994175,33.4345806476363,126.324311948481,곽지리,납읍리
565,33.4433578077209,126.431586954408,33.4410192088679,126.429511315336,고성리,고성리
566,33.4433578077209,126.431586954408,33.4435962754171,126.431816805271,고성리,고성리
567,33.4435962754171,126.431816805271,33.4433578077209,126.431586954408,고성리,고성리
568,33.4435962754171,126.431816805271,33.4449960075128,126.433331689318,고성리,광령리
569,33.4441208040702,126.912947762086,33.4348338348803,126.909657105936,고성리,신양리
570,33.4441208040702,126.912947762086,33.4471827098691,126.91257888647,고성리,고성리
571,33.4449960075128,126.433331689318,33.4435962754171,126.431816805271,광령리,고성리
572,33.4449960075128,126.433331689318,33.446408758467,126.434971681601,광령리,광령리
573,33.4450543355931,126.336065448899,33.429389217233,126.352388150391,납읍리,상가리
574,33.4458473008031,126.903807670493,33.4471827098691,126.91257888647,고성리,고성리
575,33.4458930538202,126.557958355784,33.4464557727124,126.557372605892,관음교,산록북로
576,33.446408758467,126.434971681601,33.4449960075128,126.433331689318,광령리,광령리
577,33.4464557727124,126.557372605892,33.4458930538202,126.557958355784,산록북로,관음교
578,33.4471827098691,126.91257888647,33.4441208040702,126.912947762086,고성리,고성리
579,33.4471827098691,126.91257888647,33.4458473008031,126.903807670493,고성리,고성리
580,33.4471827098691,126.91257888647,33.45029363305,126.912167169265,고성리,고성리
581,33.4486894847696,126.91635751084,33.450215274642,126.920771364786,고성리,고성리
582,33.4493550277228,126.915026740306,33.4506472137443,126.91464910702,고성리,고성리
583,33.450215274642,126.920771364786,33.4486894847696,126.91635751084,고성리,고성리
584,33.450215274642,126.920771364786,33.4602760456265,126.930940973848,고성리,성산리
585,33.45029363305,126.912167169265,33.4471827098691,126.91257888647,고성리,고성리
586,33.45029363305,126.912167169265,33.4521172394064,126.911925134043,고성리,고성리
587,33.4514035720973,126.369122060933,33.4517308067179,126.366077028665,장전리,장전리
588,33.4514035720973,126.369122060933,33.4524229212358,126.382624077839,장전리,장전리
589,33.4517308067179,126.366077028665,33.4514035720973,126.369122060933,장전리,장전리
590,33.4517308067179,126.366077028665,33.4535848630936,126.353088359204,장전리,하가리
591,33.4519008225567,126.341998091653,33.4523963717166,126.344994337633,하가리,하가리
592,33.4521172394064,126.911925134043,33.45029363305,126.912167169265,고성리,고성리
593,33.4521172394064,126.911925134043,33.4525866211234,126.911864733697,고성리,고성리
594,33.4523963717166,126.344994337633,33.4519008225567,126.341998091653,하가리,하가리
595,33.4523963717166,126.344994337633,33.4527634666688,126.348982418565,하가리,하가리
596,33.4523963717166,126.344994337633,33.4531994321482,126.350344076729,하가리,하가리
597,33.4524229212358,126.382624077839,33.4514035720973,126.369122060933,장전리,장전리
598,33.4524229212358,126.382624077839,33.4527343216207,126.385336639952,장전리,장전리
599,33.4525866211234,126.911864733697,33.4521172394064,126.911925134043,고성리,고성리
600,33.4525866211234,126.911864733697,33.4609519281935,126.910636699357,고성리,오조리
601,33.4526884912095,126.709276573579,33.4383285187565,126.732031757687,선교로,번영로
602,33.4527343216207,126.385336639952,33.4524229212358,126.382624077839,장전리,장전리
603,33.4527343216207,126.385336639952,33.4533235613411,126.390353990664,장전리,장전리
604,33.4527634666688,126.348982418565,33.4523963717166,126.344994337633,하가리,하가리
605,33.4531994321482,126.350344076729,33.4523963717166,126.344994337633,하가리,하가리
606,33.4531994321482,126.350344076729,33.4535848630936,126.353088359204,하가리,하가리
607,33.4533235613411,126.390353990664,33.4527343216207,126.385336639952,장전리,장전리
608,33.4533235613411,126.390353990664,33.4557024311075,126.401324558867,장전리,장전리
609,33.4533460384464,126.440690384426,33.4593254440093,126.4457503392,광령리,광령리
610,33.4535848630936,126.353088359204,33.4517308067179,126.366077028665,하가리,장전리
611,33.4535848630936,126.353088359204,33.4531994321482,126.350344076729,하가리,하가리
612,33.4557024311075,126.401324558867,33.4533235613411,126.390353990664,장전리,장전리
613,33.4557024311075,126.401324558867,33.4579666434294,126.410076763561,장전리,고성리
614,33.4579666434294,126.410076763561,33.4557024311075,126.401324558867,고성리,장전리
615,33.4579666434294,126.410076763561,33.462227973735,126.423639137749,고성리,광령리
616,33.4587989293056,126.310997980474,33.4611287415836,126.320568038665,곽지리,애월리
617,33.4593254440093,126.4457503392,33.4533460384464,126.440690384426,광령리,광령리
618,33.4593254440093,126.4457503392,33.460156565801,126.446842733651,광령리,광령리
619,33.460156565801,126.446842733651,33.4593254440093,126.4457503392,광령리,광령리
620,33.460156565801,126.446842733651,33.4610545956724,126.444332776353,광령리,광령리
621,33.4602760456265,126.930940973848,33.450215274642,126.920771364786,성산리,고성리
622,33.4602903462652,126.569870272092,33.4607849516974,126.569399713724,월평동,첨단로
623,33.4609519281935,126.910636699357,33.4525866211234,126.911864733697,오조리,고성리
624,33.4610545956724,126.444332776353,33.460156565801,126.446842733651,광령리,광령리
625,33.4610545956724,126.444332776353,33.462227973735,126.423639137749,광령리,광령리
626,33.4611287415836,126.320568038665,33.4587989293056,126.310997980474,애월리,곽지리
627,33.4622143482158,126.326551111199,33.4626767725677,126.330151792542,애월리,고내리
628,33.462227973735,126.423639137749,33.4579666434294,126.410076763561,광령리,고성리
629,33.462227973735,126.423639137749,33.4610545956724,126.444332776353,광령리,광령리
630,33.4626767725677,126.330151792542,33.4622143482158,126.326551111199,고내리,애월리
631,33.4628694785099,126.569297413191,33.467989107931,126.569884814736,월평동,월평동
632,33.4630901475992,126.45247916742,33.4633416159234,126.454106417359,노형로,제1해안교
633,33.4633416159234,126.454106417359,33.4630901475992,126.45247916742,제1해안교,노형로
634,33.4633416159234,126.454106417359,33.4658632729266,126.456384480352,제1해안교,노형동
635,33.4644143849608,126.54909841402,33.4693520230788,126.547313949218,아라일동,아라일동
636,33.464924556531,126.464348852757,33.4658632729266,126.456384480352,애조로,노형동
637,33.4653181788848,126.908612168017,33.4703721796441,126.902792855364,오조리,오조리
638,33.4658632729266,126.456384480352,33.4633416159234,126.454106417359,노형동,제1해안교
639,33.4658632729266,126.456384480352,33.464924556531,126.464348852757,노형동,애조로
640,33.4658632729266,126.456384480352,33.4664333666973,126.454583167413,노형동,애조로
641,33.4664333666973,126.454583167413,33.4658632729266,126.456384480352,애조로,노형동
642,33.4664333666973,126.454583167413,33.4666066165642,126.454021511351,애조로,광령리
643,33.4666066165642,126.454021511351,33.4664333666973,126.454583167413,광령리,애조로
644,33.4666066165642,126.454021511351,33.4681579285437,126.446368636228,광령리,광령리
645,33.4667771793738,126.518241729341,33.4669065534262,126.516516073838,오라이동,오라이동
646,33.4669065534262,126.516516073838,33.4667771793738,126.518241729341,오라이동,오라이동
647,33.4669065534262,126.516516073838,33.4670543043359,126.515718042129,오라이동,오라이동
648,33.4670543043359,126.515718042129,33.4669065534262,126.516516073838,오라이동,오라이동
649,33.467989107931,126.569884814736,33.4714756065794,126.570140018352,월평동,아봉로
650,33.4681579285437,126.446368636228,33.4666066165642,126.454021511351,광령리,광령리
651,33.4686641115594,126.678234657653,33.4372485454518,126.677153598442,교래리,교래리
652,33.4693520230788,126.547313949218,33.4644143849608,126.54909841402,아라일동,아라일동
653,33.4693520230788,126.547313949218,33.471060803632,126.545466761948,아라일동,아라일동
654,33.4697311615489,126.659985727317,33.4699177931052,126.664161489308,번영로,조천읍
655,33.4699177931052,126.664161489308,33.4697311615489,126.659985727317,조천읍,번영로
656,33.4703721796441,126.902792855364,33.4653181788848,126.908612168017,오조리,오조리
657,33.4703721796441,126.902792855364,33.4820160853543,126.897890543057,오조리,종달리
658,33.4704833664492,126.460846292339,33.4728188672202,126.463030136341,도근교,노형로
659,33.4705218980409,126.583974823556,33.4918481088766,126.591872255149,용강동,아봉로
660,33.4709247002802,126.645640369681,33.4752557863881,126.637239102771,와흘리,와흘리
661,33.4710263037444,126.776546493998,33.4761993547706,126.780031966172,송당리,송당리
662,33.471060803632,126.545466761948,33.4693520230788,126.547313949218,아라일동,아라일동
663,33.471060803632,126.545466761948,33.4734941166381,126.54564685499,아라일동,아라일동
664,33.4711644904546,126.395146649943,33.4733901537049,126.409128845846,애조로,애조로
665,33.4711644904546,126.395146649943,33.4754460357445,126.388193465115,애조로,애월읍
666,33.4714756065794,126.570140018352,33.467989107931,126.569884814736,아봉로,월평동
667,33.4722764927296,126.418442753822,33.4725049919444,126.424368218158,애조로,애월읍
668,33.4722764927296,126.418442753822,33.4733901537049,126.409128845846,애조로,애조로
669,33.4722764927296,126.418442753822,33.4852643036907,126.410895667416,애조로,일주서로
670,33.4725049919444,126.424368218158,33.4722764927296,126.418442753822,애월읍,애조로
671,33.4725049919444,126.424368218158,33.4725251192643,126.424890163052,애월읍,광령리
672,33.4728188672202,126.463030136341,33.4704833664492,126.460846292339,노형로,도근교
673,33.4728188672202,126.463030136341,33.4782573355277,126.468080699335,노형로,현사마을
674,33.4733901537049,126.409128845846,33.4711644904546,126.395146649943,애조로,애조로
675,33.4733901537049,126.409128845846,33.4722764927296,126.418442753822,애조로,애조로
676,33.4734941166381,126.54564685499,33.471060803632,126.545466761948,아라일동,아라일동
677,33.4750542730316,126.527066823272,33.4750783348768,126.531678917984,오봉교,오장교
678,33.4750783348768,126.531678917984,33.4750542730316,126.527066823272,오장교,오봉교
679,33.4752557863881,126.637239102771,33.4709247002802,126.645640369681,와흘리,와흘리
680,33.4754460357445,126.388193465115,33.4711644904546,126.395146649943,애월읍,애조로
681,33.4754460357445,126.388193465115,33.4780366026205,126.388438506624,애월읍,일주서로
682,33.4761233963207,126.382742108857,33.4754460357445,126.388193465115,고내리,애월읍
683,33.4761233963207,126.382742108857,33.4777465587959,126.387802872481,고내리,구엄교
684,33.4761993547706,126.780031966172,33.4710263037444,126.776546493998,송당리,송당리
685,33.4761993547706,126.780031966172,33.4765877036939,126.78088640456,송당리,송당리
686,33.4763083664232,126.483321449213,33.4789589597056,126.482307105285,연동,노형동
687,33.4765877036939,126.78088640456,33.4761993547706,126.780031966172,송당리,송당리
688,33.4765877036939,126.78088640456,33.4786049915587,126.783057387099,송당리,송당리
689,33.4774452416424,126.542702666953,33.4780007098046,126.543842854539,제2아라교,아라이동
690,33.4777465587959,126.387802872481,33.4761233963207,126.382742108857,구엄교,고내리
691,33.4777465587959,126.387802872481,33.4777989563702,126.387917700177,구엄교,구엄교
692,33.4777989563702,126.387917700177,33.4777465587959,126.387802872481,구엄교,구엄교
693,33.4777989563702,126.387917700177,33.4780366026205,126.388438506624,구엄교,일주서로
694,33.4780007098046,126.543842854539,33.4774452416424,126.542702666953,아라이동,제2아라교
695,33.4780366026205,126.388438506624,33.4777989563702,126.387917700177,일주서로,구엄교
696,33.4782573355277,126.468080699335,33.4728188672202,126.463030136341,현사마을,노형로
697,33.4782573355277,126.468080699335,33.4806787731719,126.47221616715,현사마을,노형동
698,33.4786049915587,126.783057387099,33.4765877036939,126.78088640456,송당리,송당리
699,33.4786049915587,126.783057387099,33.4946840540553,126.806103605086,송당리,평대리
700,33.4789589597056,126.482307105285,33.4763083664232,126.483321449213,노형동,연동
701,33.4800531903494,126.625485805126,33.4857069297096,126.604162168012,와흘리,봉개동
702,33.4806787731719,126.47221616715,33.4782573355277,126.468080699335,노형동,현사마을
703,33.4807030165459,126.398577021092,33.4808641691093,126.398882003516,일주서로,일주서로
704,33.4808641691093,126.398882003516,33.4807030165459,126.398577021092,일주서로,일주서로
705,33.4808641691093,126.398882003516,33.481164405545,126.399447293064,일주서로,일주서로
706,33.4809458977838,126.518319792418,33.4810271164441,126.516615480242,연북로,연북로
707,33.4810271164441,126.516615480242,33.4809458977838,126.518319792418,연북로,연북로
708,33.481164405545,126.399447293064,33.4808641691093,126.398882003516,일주서로,일주서로
709,33.481164405545,126.399447293064,33.4813236175566,126.399747062104,일주서로,봉천2교
710,33.4813236175566,126.399747062104,33.481164405545,126.399447293064,봉천2교,일주서로
711,33.4819405547467,126.444915292285,33.482143834857,126.444246042516,도평동,도평동
712,33.4820160853543,126.897890543057,33.4703721796441,126.902792855364,종달리,오조리
713,33.482143834857,126.444246042516,33.4819405547467,126.444915292285,도평동,도평동
714,33.4823322729175,126.442265792754,33.4823917096749,126.441621730859,외도일동,외도일동
715,33.4823917096749,126.441621730859,33.4823322729175,126.442265792754,외도일동,외도일동
716,33.4834327587274,126.404152782192,33.4836605799524,126.405096018178,일주서로,일주서로
717,33.4835885852766,126.496367948563,33.4857043348611,126.496451479799,신대로20길,선덕로
718,33.4836605799524,126.405096018178,33.4834327587274,126.404152782192,일주서로,일주서로
719,33.4836605799524,126.405096018178,33.4837190245419,126.405337996907,일주서로,미수2교
720,33.4837190245419,126.405337996907,33.4836605799524,126.405096018178,미수2교,일주서로
721,33.4837190245419,126.405337996907,33.4852643036907,126.410895667416,미수2교,일주서로
722,33.4852643036907,126.410895667416,33.4722764927296,126.418442753822,일주서로,애조로
723,33.4852643036907,126.410895667416,33.4837190245419,126.405337996907,일주서로,미수2교
724,33.4852643036907,126.410895667416,33.4865591553768,126.413986087756,일주서로,일주서로
725,33.4854889916636,126.542504074337,33.4876327408138,126.540414261975,구산로,중앙로
726,33.4857043348611,126.496451479799,33.4835885852766,126.496367948563,선덕로,신대로20길
727,33.4857069297096,126.604162168012,33.4800531903494,126.625485805126,봉개동,와흘리
728,33.4857069297096,126.604162168012,33.4886994919865,126.597620980703,봉개동,와흘리
729,33.4858848982071,126.48997863686,33.4859749608454,126.486408542467,신광로,흘천5교
730,33.4859749608454,126.486408542467,33.4858848982071,126.48997863686,흘천5교,신광로
731,33.4860001482996,126.479550199085,33.4863268973952,126.480149855493,도령로,도령로
732,33.4863268973952,126.480149855493,33.4860001482996,126.479550199085,도령로,도령로
733,33.4865591553768,126.413986087756,33.4852643036907,126.410895667416,일주서로,일주서로
734,33.4876327408138,126.540414261975,33.4854889916636,126.542504074337,중앙로,구산로
735,33.4876327408138,126.540414261975,33.4891609914275,126.539000293117,중앙로,이도일동
736,33.4876327408138,126.540414261975,33.489894397571,126.543623135914,중앙로,연북로
737,33.488395272595,126.483506573261,33.4900778664014,126.486557979572,도령로,삼무로
738,33.4886513039141,126.518115042659,33.4891323356354,126.51840519886,도남동,도남동
739,33.4886994919865,126.597620980703,33.4857069297096,126.604162168012,와흘리,봉개동
740,33.4891323356354,126.51840519886,33.4886513039141,126.518115042659,도남동,도남동
741,33.4891609914275,126.539000293117,33.4876327408138,126.540414261975,이도일동,중앙로
742,33.489894397571,126.543623135914,33.4876327408138,126.540414261975,연북로,중앙로
743,33.4899395851663,126.490153292774,33.4900778664014,126.486557979572,신광로,삼무로
744,33.4899395851663,126.490153292774,33.4923347723675,126.490247073997,신광로,신광로
745,33.4900778664014,126.486557979572,33.488395272595,126.483506573261,삼무로,도령로
746,33.4900778664014,126.486557979572,33.4899395851663,126.490153292774,삼무로,신광로
747,33.4915667776613,126.680766316837,33.4917286478021,126.682267261409,와산리,와산리
748,33.4917286478021,126.682267261409,33.4915667776613,126.680766316837,와산리,와산리
749,33.4918481088766,126.591872255149,33.4705218980409,126.583974823556,아봉로,용강동
750,33.4918481088766,126.591872255149,33.496710616894,126.581529061335,아봉로,번영로
751,33.4918627421234,126.536408792357,33.4927177726985,126.535596730549,이도일동,이도일동
752,33.4921777480236,126.89404872612,33.496887491691,126.893155324487,종달리,종달리
753,33.4922234913302,126.521426354595,33.492272335083,126.519710511503,도남동,도남동
754,33.492272335083,126.519710511503,33.4922234913302,126.521426354595,도남동,도남동
755,33.4923347723675,126.490247073997,33.4899395851663,126.490153292774,신광로,신광로
756,33.4923347723675,126.490247073997,33.4937925855376,126.492189386746,신광로,연삼로
757,33.4925391785774,126.426231105849,33.492699147444,126.42824119922,외도이동,외도이동
758,33.492699147444,126.42824119922,33.4925391785774,126.426231105849,외도이동,외도이동
759,33.492699147444,126.42824119922,33.493035647622,126.430945980195,외도이동,외도이동
760,33.4927177726985,126.535596730549,33.4918627421234,126.536408792357,이도일동,이도일동
761,33.4927177726985,126.535596730549,33.494762710456,126.53365432435,이도일동,도남동
762,33.493035647622,126.430945980195,33.492699147444,126.42824119922,외도이동,외도이동
763,33.4931841477486,126.442007667002,33.4935455855654,126.445105230005,현사마을,현사마을
764,33.4935455855654,126.445105230005,33.4931841477486,126.442007667002,현사마을,현사마을
765,33.4935455855654,126.445105230005,33.4948673357636,126.450592823289,현사마을,현사마을
766,33.4935503975795,126.479240886459,33.4935980853931,126.477163823551,이호일동,이호일동
767,33.4935980853931,126.477163823551,33.4935503975795,126.479240886459,이호일동,이호일동
768,33.4936237104763,126.496769042775,33.4974999603428,126.496946073897,오라삼동,신대로
769,33.4936610538566,126.433789198028,33.4940668666483,126.435871479764,외도이동,내도동
770,33.4937925855376,126.492189386746,33.4923347723675,126.490247073997,연삼로,신광로
771,33.493985553694,126.468509542659,33.4941062100709,126.4662653862,이호일동,이호일동
772,33.4940668666483,126.435871479764,33.4936610538566,126.433789198028,내도동,외도이동
773,33.4940668666483,126.435871479764,33.4942054912528,126.436670543026,내도동,내도동
774,33.4941062100709,126.4662653862,33.493985553694,126.468509542659,이호일동,이호일동
775,33.4942054912528,126.436670543026,33.4940668666483,126.435871479764,내도동,내도동
776,33.4946840540553,126.806103605086,33.4786049915587,126.783057387099,평대리,송당리
777,33.494762710456,126.53365432435,33.4927177726985,126.535596730549,도남동,이도일동
778,33.4948673357636,126.450592823289,33.4935455855654,126.445105230005,현사마을,현사마을
779,33.4948673357636,126.450592823289,33.495320741147,126.454360855413,현사마을,현사마을
780,33.4949290228189,126.461602198802,33.4952687101035,126.459948043231,이호일동,현사마을
781,33.4952687101035,126.459948043231,33.4949290228189,126.461602198802,현사마을,이호일동
782,33.4952687101035,126.459948043231,33.495320741147,126.454360855413,현사마을,현사마을
783,33.495320741147,126.454360855413,33.4948673357636,126.450592823289,현사마을,현사마을
784,33.495320741147,126.454360855413,33.4952687101035,126.459948043231,현사마을,현사마을
785,33.4953766474739,126.51979222988,33.4981510228708,126.519834041828,오라일동,오라일동
786,33.4966230227864,126.812151792968,33.5291938352995,126.839578168525,비자숲길,평대리
787,33.496710616894,126.581529061335,33.4918481088766,126.591872255149,번영로,아봉로
788,33.496710616894,126.581529061335,33.4968633703578,126.58123009621,번영로,번영로
789,33.4968633703578,126.58123009621,33.496710616894,126.581529061335,번영로,번영로
790,33.4968633703578,126.58123009621,33.5014774884938,126.569223187609,번영로,화북이동
791,33.496887491691,126.893155324487,33.4921777480236,126.89404872612,종달리,종달리
792,33.496887491691,126.893155324487,33.5081082100276,126.887392793316,종달리,하도리
793,33.4974999603428,126.496946073897,33.4936237104763,126.496769042775,신대로,오라삼동
794,33.4981510228708,126.519834041828,33.4953766474739,126.51979222988,오라일동,오라일동
795,33.4981510228708,126.519834041828,33.4998484915111,126.519871667626,오라일동,오라일동
796,33.4983634604991,126.516407136545,33.4999727103403,126.516469355238,오라일동,오라일동
797,33.4993202105409,126.502750261043,33.5003300857641,126.505998479791,오라삼동,오라삼동
798,33.4994265233055,126.541298167922,33.5007724911843,126.543836605272,일도이동,화북이동
799,33.4998484915111,126.519871667626,33.4981510228708,126.519834041828,오라일동,오라일동
800,33.4998484915111,126.519871667626,33.4999727103403,126.516469355238,오라일동,오라일동
801,33.4998484915111,126.519871667626,33.5000203975166,126.5249242305,오라일동,오라일동
802,33.4999727103403,126.516469355238,33.4983634604991,126.516407136545,오라일동,오라일동
803,33.4999727103403,126.516469355238,33.4998484915111,126.519871667626,오라일동,오라일동
804,33.4999727103403,126.516469355238,33.5000052095862,126.515572979381,오라일동,오라일동
805,33.5000052095862,126.515572979381,33.4999727103403,126.516469355238,오라일동,오라일동
806,33.5000203975166,126.5249242305,33.4998484915111,126.519871667626,오라일동,오라일동
807,33.5001033348487,126.512851104811,33.5001322103386,126.512046011949,오라일동,오라일동
808,33.5001322103386,126.512046011949,33.5001033348487,126.512851104811,오라일동,오라일동
809,33.5001322103386,126.512046011949,33.5003300857641,126.505998479791,오라일동,오라삼동
810,33.5003300857641,126.505998479791,33.4993202105409,126.502750261043,오라삼동,오라삼동
811,33.5003300857641,126.505998479791,33.5001322103386,126.512046011949,오라삼동,오라일동
812,33.5003300857641,126.505998479791,33.5029001170004,126.511233917306,오라삼동,용담일동
813,33.5007304293026,126.529106761554,33.504811303868,126.526240074258,이도일동,이도일동
814,33.5007724911843,126.543836605272,33.4994265233055,126.541298167922,화북이동,일도이동
815,33.5014774884938,126.569223187609,33.4968633703578,126.58123009621,화북이동,번영로
816,33.5014774884938,126.569223187609,33.5016270326083,126.568923085567,화북이동,화북이동
817,33.5016270326083,126.568923085567,33.5014774884938,126.569223187609,화북이동,화북이동
818,33.5017951159869,126.531511261486,33.5032544289508,126.534802885849,이도일동,일도이동
819,33.5029001170004,126.511233917306,33.5003300857641,126.505998479791,용담일동,오라삼동
820,33.5032544289508,126.534802885849,33.5017951159869,126.531511261486,일도이동,이도일동
821,33.5032544289508,126.534802885849,33.5040585224232,126.536446167754,일도이동,일도이동
822,33.5040585224232,126.536446167754,33.5032544289508,126.534802885849,일도이동,일도이동
823,33.5040585224232,126.536446167754,33.5073840230796,126.540330948155,일도이동,일도이동
824,33.5040585224232,126.536446167754,33.5083586790626,126.533592760541,일도이동,일도이동
825,33.5043775850356,126.55061107438,33.5073491171156,126.556173167691,남광로,화북이동
826,33.504811303868,126.526240074258,33.5007304293026,126.529106761554,이도일동,이도일동
827,33.5061024917709,126.529427823062,33.5083586790626,126.533592760541,이도일동,일도이동
828,33.5073491171156,126.556173167691,33.5043775850356,126.55061107438,화북이동,남광로
829,33.5073491171156,126.556173167691,33.508463678702,126.558231105407,화북이동,화북이동
830,33.5073491171156,126.556173167691,33.5115786476865,126.547563729266,화북이동,건입동
831,33.5073840230796,126.540330948155,33.5040585224232,126.536446167754,일도이동,일도이동
832,33.5073840230796,126.540330948155,33.5097289600199,126.543144042534,일도이동,건입동
833,33.5081082100276,126.887392793316,33.496887491691,126.893155324487,하도리,종달리
834,33.5081082100276,126.887392793316,33.5183272098976,126.882437448811,하도리,하도리
835,33.5083586790626,126.533592760541,33.5040585224232,126.536446167754,일도이동,일도이동
836,33.5083586790626,126.533592760541,33.5061024917709,126.529427823062,일도이동,이도일동
837,33.508463678702,126.558231105407,33.5073491171156,126.556173167691,화북이동,화북이동
838,33.508463678702,126.558231105407,33.5087115227295,126.558702856002,화북이동,화북이동
839,33.5087115227295,126.558702856002,33.508463678702,126.558231105407,화북이동,화북이동
840,33.5087115227295,126.558702856002,33.5090835853573,126.559424980577,화북이동,화북이동
841,33.5090835853573,126.559424980577,33.5087115227295,126.558702856002,화북이동,화북이동
842,33.5097289600199,126.543144042534,33.5073840230796,126.540330948155,건입동,일도이동
843,33.5097289600199,126.543144042534,33.5115786476865,126.547563729266,건입동,건입동
844,33.5115786476865,126.547563729266,33.5073491171156,126.556173167691,건입동,화북이동
845,33.5115786476865,126.547563729266,33.5097289600199,126.543144042534,건입동,건입동
846,33.513333398275,126.542349229919,33.5142054603757,126.538405823994,건입동,건입동
847,33.5134292729189,126.553506574299,33.5137085231915,126.554482792198,일주동로,일주동로
848,33.5137085231915,126.554482792198,33.5134292729189,126.553506574299,일주동로,일주동로
849,33.5137085231915,126.554482792198,33.5143900228253,126.555913292109,일주동로,화북일동
850,33.5142054603757,126.538405823994,33.513333398275,126.542349229919,건입동,건입동
851,33.5143900228253,126.555913292109,33.5137085231915,126.554482792198,화북일동,일주동로
852,33.5143900228253,126.555913292109,33.5155009919739,126.557974823462,화북일동,화북일동
853,33.5155009919739,126.557974823462,33.5143900228253,126.555913292109,화북일동,화북일동
854,33.5167100848778,126.530479386018,33.5168000854569,126.524827980072,일도일동,탑동
855,33.5168000854569,126.524827980072,33.5167100848778,126.530479386018,탑동,일도일동
856,33.5183112103728,126.860999574173,33.518382922675,126.860343770252,하도리,하도리
857,33.5183112103728,126.860999574173,33.5193378977507,126.874346917457,하도리,하도리
858,33.5183272098976,126.882437448811,33.5081082100276,126.887392793316,하도리,하도리
859,33.518382922675,126.860343770252,33.5183112103728,126.860999574173,하도리,하도리
860,33.5184679598581,126.645684543347,33.5276613418853,126.644821150935,조천리,조천리
861,33.5187404599902,126.565636261184,33.5189868046388,126.568861137262,화북일동,화북일동
862,33.5189868046388,126.568861137262,33.5187404599902,126.565636261184,화북일동,화북일동
863,33.5189868046388,126.568861137262,33.5197262729333,126.571488230259,화북일동,화북일동
864,33.5193378977507,126.874346917457,33.5183112103728,126.860999574173,하도리,하도리
865,33.5197262729333,126.571488230259,33.5189868046388,126.568861137262,화북일동,화북일동
866,33.5197262729333,126.571488230259,33.5202921646317,126.572699104268,화북일동,화북일동
867,33.5198323570248,126.588049120389,33.5213990224748,126.587288104401,삼양이동,삼양이동
868,33.5202921646317,126.572699104268,33.5197262729333,126.571488230259,화북일동,화북일동
869,33.5202921646317,126.572699104268,33.5213285478421,126.578036119903,화북일동,삼양삼동
870,33.5210976164643,126.585400386165,33.5212640228868,126.58139776162,삼양이동,삼양이동
871,33.5210976164643,126.585400386165,33.5213990224748,126.587288104401,삼양이동,삼양이동
872,33.5212640228868,126.58139776162,33.5210976164643,126.585400386165,삼양이동,삼양이동
873,33.5213225162876,126.578403919114,33.5213285478421,126.578036119903,삼양이동,삼양삼동
874,33.5213285478421,126.578036119903,33.5202921646317,126.572699104268,삼양삼동,화북일동
875,33.5213285478421,126.578036119903,33.5213225162876,126.578403919114,삼양삼동,삼양이동
876,33.5213990224748,126.587288104401,33.5198323570248,126.588049120389,삼양이동,삼양이동
877,33.5213990224748,126.587288104401,33.5210976164643,126.585400386165,삼양이동,삼양이동
878,33.5255245822814,126.609951525907,33.5278674855338,126.613582311098,신촌리,신촌리
879,33.5276613418853,126.644821150935,33.5184679598581,126.645684543347,조천리,조천리
880,33.5278674855338,126.613582311098,33.5255245822814,126.609951525907,신촌리,신촌리
881,33.5278674855338,126.613582311098,33.5298889291798,126.616461387075,신촌리,신촌리
882,33.5291938352995,126.839578168525,33.4966230227864,126.812151792968,평대리,비자숲길
883,33.5298889291798,126.616461387075,33.5278674855338,126.613582311098,신촌리,신촌리
884,33.5347830556418,126.64252133137,33.536816307871,126.658816396487,조천리,함덕리
885,33.536816307871,126.658816396487,33.5347830556418,126.64252133137,함덕리,조천리
886,33.536816307871,126.658816396487,33.5370848967475,126.665888501293,함덕리,함덕리
887,33.5370848967475,126.665888501293,33.536816307871,126.658816396487,함덕리,함덕리
888,33.5391278884871,126.826527565679,33.5400890220911,126.825142636436,구좌읍,행원로
889,33.5400890220911,126.825142636436,33.5391278884871,126.826527565679,행원로,구좌읍
890,33.5400890220911,126.825142636436,33.546078085284,126.80404544982,행원로,행원리
891,33.546078085284,126.80404544982,33.5400890220911,126.825142636436,행원리,행원로
892,33.546078085284,126.80404544982,33.5506747415713,126.79567335488,행원리,월정리
893,33.5467442104218,126.6910393861,33.5478877247545,126.694628435615,북촌리,북촌리
894,33.5478877247545,126.694628435615,33.5467442104218,126.6910393861,북촌리,북촌리
895,33.5493303043176,126.778124605659,33.5515851795642,126.769385199097,월정리,김녕리
896,33.5506747415713,126.79567335488,33.546078085284,126.80404544982,월정리,행원리
897,33.5515851795642,126.769385199097,33.5493303043176,126.778124605659,김녕리,월정리
898,33.5515851795642,126.769385199097,33.5560801767072,126.759732107662,김녕리,김녕리
899,33.55352470075,126.739714026037,33.554302028756,126.738379359887,김녕리,김녕리
900,33.554302028756,126.738379359887,33.55352470075,126.739714026037,김녕리,김녕리
901,33.554302028756,126.738379359887,33.5553158351598,126.736681480483,김녕리,동복리
902,33.5553158351598,126.736681480483,33.554302028756,126.738379359887,동복리,김녕리
903,33.5560801767072,126.759732107662,33.5515851795642,126.769385199097,김녕리,김녕리
